name,state,ccn,chain_or_independent,chain_name,evidence,source_url,access_date,notes
Life Care Center of Orlando,FL,,Chain,Life Care Centers of America,Unclear,https://lcca.com/locations/fl/orlando/contact,2026-09-28,"No dedicated Medicaid-help page found in search snippets; generic accepts-Medicaid language only"
Life Care Center at Inverrary (Lauderhill),FL,,Chain,Life Care Centers of America,Unclear,https://lcca.com/locations/fl/inverrary/services,2026-09-28,"Reviews mention helpful business office staff but no advertised Medicaid application service"
Genesis HealthCare - Oakhurst (Oakhurst Center),FL,,Chain,Genesis HealthCare,Unclear,https://www.genesishcc.com/,2026-09-28,"Generic accepts-Medicaid language only in search snippets"
Life Care Center of Palm Beach Gardens,FL,,Chain,Life Care Centers of America,Unclear,https://lcca.com/locations/fl/gardens-court/,2026-09-28,"No facility-specific Medicaid-help language found"
NSPIRE Healthcare Plantation,FL,105519,Chain,NSPIRE Healthcare (ex-Consulate),Unclear,https://health.usnews.com/best-nursing-homes/area/fl/nspire-healthcare-plantation-105519,2026-09-28,"Certified for Medicaid; no advertised application-help program found"
Life Care Center of Hilliard,FL,105756,Chain,Life Care Centers of America,Unclear,https://health.usnews.com/best-nursing-homes/area/fl/life-care-center-of-hilliard-105756,2026-09-28,"Generic accepts-Medicaid language only"
NSPIRE Healthcare Lauderhill,FL,105680,Chain,NSPIRE Healthcare (ex-Consulate),Unclear,https://health.usnews.com/best-nursing-homes/area/fl/nspire-healthcare-lauderhill-105680,2026-09-28,"Generic accepts-Medicaid language only"
Life Care Center of Palm Bay,FL,106060,Chain,Life Care Centers of America,Unclear,https://lcca.com/locations/fl/palm-bay/,2026-09-28,"Generic accepts-Medicaid language only"
Life Care Center of Altamonte Springs,FL,105365,Chain,Life Care Centers of America,Unclear,https://www.caring.com/senior-living/florida/altamonte-springs/life-care-center-of-altamonte-springs-altamonte-springs,2026-09-28,"Generic accepts-Medicaid language only"
Life Care Center of Estero,FL,106057,Chain,Life Care Centers of America,Unclear,https://quality.healthfinder.fl.gov/Facility-Provider/Profile/?LID=151532,2026-09-28,"Generic accepts-Medicaid language only"
Consulate Health Care of North Fort Myers,FL,105507,Chain,Consulate/Independence Living Centers,Unclear,https://www.medicaidicp.com/nursinghome/CONSULATE-HEALTH-CARE-OF-NORTH-FORT-MYERS/105507/,2026-09-28,"Generic accepts-Medicaid language only"
Consulate Healthcare of St. Petersburg,FL,,Chain,Consulate/Independence Living Centers,Unclear,https://newlifestyles.com/listings/consulate-healthcare-of-st-petersburg-16496-seminole-fl,2026-09-28,"Generic accepts-Medicaid language only; third-party (Healing Tampa Bay) offers separate app help nearby, not facility-provided"
Life Care Center of West Palm Beach / Darcy Hall of Life Care,FL,,Chain,Life Care Centers of America,Unclear,https://www.findhelp.org/provider/life-care-centers-of-america---florida--west-palm-beach-fl/4832260493410304?postal=33411,2026-09-28,"No facility-provided Medicaid application help found; Area Agency on Aging is a separate third party"
Presbyterian Homes of Port Charlotte,FL,,Independent,Independent nonprofit,Unclear,https://www.phhf.com/presbyterian_homes_of_port_charlotte,2026-09-28,"Primarily affordable senior housing, not clearly a Medicaid-certified nursing home; no application-help program advertised"
Miami Jewish Health,FL,,Independent,Independent nonprofit,Unclear,https://www.miamijewishhealth.org/,2026-09-28,"Admissions team discusses payment options incl. Medicaid but no dedicated application-help program advertised"
Seminole Pavilion Rehabilitation & Nursing Service,FL,105412,Independent,Independent (ownership unverified),Unclear,https://healthcarecomps.com/nursing-homes/fl/105412,2026-09-28,"Generic accepts-Medicaid language only"
Glades Health Care Center,FL,,Independent,Independent (ownership unverified),Unclear,https://health.usnews.com/best-nursing-homes/area/fl/glades-health-care-center-106018,2026-09-28,"Generic accepts-Medicaid language only; Glades Initiative (separate nonprofit) offers community Medicaid help, not the facility itself"
St Anne's Nursing Center and Residence,FL,,Independent,Independent nonprofit (Archdiocese of Miami),Unclear,https://www.catholichealthservices.org/location/st-annes-nursing-center/,2026-09-28,"Accepts all regardless of ability to pay; no specific application-help program found in snippets"
Susanna Wesley Health Center,FL,,Independent,Independent nonprofit,Unclear,https://susannawesleyrehab.com/contact/,2026-09-28,"Has a social work department per third-party summary; no explicit Medicaid application-help page found"
Florida Presbyterian Homes / Westminster Lakeland,FL,105949,Independent,Independent nonprofit CCRC,Unclear,https://quality.healthfinder.fl.gov/Facility-Provider/Profile/?LID=1423,2026-09-28,"Generic accepts-Medicaid language only"
Priority Healthcare Group - Gardens at Stevens,PA,,Chain,Priority Healthcare Group,Yes,https://gardensstevens.com/contact/,2026-09-28,"[vendor] Site copy: staff 'knowledgeable and experienced in navigating Medicare and Medicaid insurance coverage and other payment options'; generic admissions marketing language, not a distinct branded Medicaid packet/application service"
HCR ManorCare - Bethel Park,PA,,Chain,HCR ManorCare / ProMedica Senior Care,Unclear,https://www.elderlifefinancial.com/elderlife-communities/pennsylvania/bethel-park/manorcare-health-services-bethel-park,2026-09-28,"Generic accepts-Medicaid language only"
Priority Healthcare Group - Nursing and Rehabilitation at the Mansion,PA,395482,Chain,Priority Healthcare Group,Unclear,https://mansionsunbury.com/,2026-09-28,"No facility-specific Medicaid-help marketing language found (unlike other Gardens-brand sites)"
Priority Healthcare Group - Gardens at Easton,PA,395729,Chain,Priority Healthcare Group,Yes,https://gardenseaston.com/contact/,2026-09-28,"[vendor] Same Priority Healthcare Group admissions boilerplate re: guiding families through Medicare/Medicaid coverage options"
HCR ManorCare - Chambersburg,PA,,Chain,HCR ManorCare / ProMedica Senior Care,Unclear,https://www.senioradvice.com/providers/view/manorcare-health-services-chambersburg-chambersburg-pa,2026-09-28,"Generic accepts-Medicaid language only"
Priority Healthcare Group - Gardens at Gettysburg,PA,395247,Chain,Priority Healthcare Group,Yes,https://gardensgettysburg.com/contact/,2026-09-28,"[vendor] Same Priority Healthcare Group admissions boilerplate re: guiding families through Medicare/Medicaid coverage options"
HCR ManorCare - Peters Township,PA,,Chain,HCR ManorCare / ProMedica Senior Care,Unclear,https://www.mycaringplan.com/senior-living/manorcare-health-services-peters-township/,2026-09-28,"Generic accepts-Medicaid language only"
Priority Healthcare Group - Gardens at Camp Hill,PA,,Chain,Priority Healthcare Group,Yes,https://gardenscamphill.com/contact/,2026-09-28,"[vendor] Same Priority Healthcare Group admissions boilerplate re: guiding families through Medicare/Medicaid coverage options"
Priority Healthcare Group - Gardens at West Shore,PA,395223,Chain,Priority Healthcare Group,Yes,https://gardenswestshore.com/contact/,2026-09-28,"[vendor] Same Priority Healthcare Group admissions boilerplate re: guiding families through Medicare/Medicaid coverage options"
Genesis HealthCare - Gettysburg Center,PA,,Chain,Genesis HealthCare,Yes,https://seniorsbluebook.com/senior-housing/genesis-healthcare-gettysburg-center-gettysburg-pa,2026-09-28,"Third-party bio notes facility's Marketing & Admissions Director 'began her career with Genesis as the Medicaid Specialist,' implying an in-house Medicaid-specialist staff role exists at Genesis; not confirmed directly on genesishcc.com facility page"
Genesis HealthCare - King of Prussia Skilled Nursing and Rehabilitation,PA,395834,Chain,Genesis HealthCare,Unclear,https://www.genesishcc.com/findlocationsKOP/,2026-09-28,"Generic 'financial assistance' language found on a different Genesis Health System (Ohio, unrelated) page; no PA-specific Medicaid application-help found"
Genesis HealthCare - Uniontown (Laurel Ridge Center),PA,,Chain,Genesis HealthCare,Unclear,https://www.genesishcc.com/laurelridge/,2026-09-28,"Generic accepts-Medicaid language only"
Genesis HealthCare - Quakertown,PA,,Chain,Genesis HealthCare,Unclear,https://www.genesishcc.com/quakertown/,2026-09-28,"Generic accepts-Medicaid language only"
HCR ManorCare - Yeadon,PA,,Chain,HCR ManorCare / ProMedica Senior Care,Unclear,https://healthcarecomps.com/nursing-homes/pa/395374/,2026-09-28,"Generic accepts-Medicaid language only"
Christ The King Manor,PA,,Independent,Independent nonprofit (church-related),Unclear,https://www.ctkmanor.org/,2026-09-28,"Non-profit church-related facility; no explicit Medicaid application-help program found"
Holy Family Manor,PA,395250,Independent,Independent nonprofit,Unclear,https://everlighthealth.org/holy-family-manor-bethlehem-pa-395250/,2026-09-28,"Generic accepts-Medicaid language only"
Moravian Manor,PA,395325,Independent,Independent nonprofit,Unclear,https://health.usnews.com/best-nursing-homes/area/pa/moravian-manor-395325,2026-09-28,"Generic accepts-Medicaid language only"
Neshaminy Manor,PA,395010,Independent,County-owned (Bucks County),Unclear,https://www.buckscounty.gov/540/Neshaminy-Manor,2026-09-28,"County refers applicants to Bucks County Assistance Office for Medicaid help (a separate county agency), not a facility-run program"
Pickering Manor,PA,395597,Independent,Independent nonprofit,Unclear,https://pickeringmanor.org/about-us/,2026-09-28,"Site directs families to PA Dept. of Human Services for Medicaid application, not a facility-run program"
