name,state,location,chain_or_independent,chain_name
Life Care Center of Orlando,FL,"Orlando, FL",Chain,Life Care Centers of America
Life Care Center of Lauderhill,FL,"Lauderhill, FL",Chain,Life Care Centers of America
Genesis HealthCare - Oakhurst,FL,"Ocala, FL",Chain,Genesis HealthCare
Life Care Center of Palm Beach Gardens,FL,"Palm Beach Gardens, FL",Chain,Life Care Centers of America
NSPIRE Healthcare Plantation,FL,"Plantation, FL",Chain,NSPIRE Healthcare (ex-Consulate)
Life Care Center of Hilliard,FL,"Hilliard, FL",Chain,Life Care Centers of America
NSPIRE Healthcare Lauderhill,FL,"Lauderhill, FL",Chain,NSPIRE Healthcare (ex-Consulate)
Life Care Center of Palm Bay,FL,"Palm Bay, FL",Chain,Life Care Centers of America
Life Care Center of Altamonte Springs,FL,"Altamonte Springs, FL",Chain,Life Care Centers of America
Life Care Center of Estero,FL,"Estero, FL",Chain,Life Care Centers of America
Consulate Health Care of North Ft. Myers,FL,"North Fort Myers, FL",Chain,Consulate/Independence Living Centers
Consulate Health Care of St. Pete,FL,"St. Petersburg, FL",Chain,Consulate/Independence Living Centers
Life Care Center of West Palm Beach,FL,"West Palm Beach, FL",Chain,Life Care Centers of America
Presbyterian Homes of Port Charlotte,FL,"Port Charlotte, FL",Independent,Independent nonprofit
Miami Jewish Health,FL,"Miami, FL",Independent,Independent nonprofit
Seminole Nursing Pavilion,FL,"Seminole/Temple Terrace, FL",Independent,Independent (ownership unverified)
Glades Health Care Center,FL,"Belle Glade area, FL",Independent,Independent (ownership unverified)
St Anne's Nursing Center and Residence,FL,"Miami, FL",Independent,Independent nonprofit (Archdiocese of Miami)
Susanna Wesley Health Center,FL,"Hialeah, FL",Independent,Independent nonprofit
Florida Presbyterian Homes (Westminster Lakeland / Porter-McGrath Health Center),FL,"Lakeland, FL",Independent,Independent nonprofit CCRC
Priority Healthcare Group - Gardens at Stevens,PA,"Stevens, PA",Chain,Priority Healthcare Group
HCR ManorCare - Bethel Park,PA,"Bethel Park, PA",Chain,HCR ManorCare
Priority Healthcare Group - Nursing and Rehabilitation at the Mansion,PA,"Sunbury, PA",Chain,Priority Healthcare Group
Priority Healthcare Group - Gardens at Easton,PA,"Easton, PA",Chain,Priority Healthcare Group
HCR ManorCare - Chambersburg,PA,"Chambersburg, PA",Chain,HCR ManorCare
Priority Healthcare Group - Gardens at Gettysburg,PA,"Gettysburg, PA",Chain,Priority Healthcare Group
HCR ManorCare - Peters Township,PA,"McMurray, PA",Chain,HCR ManorCare
Priority Healthcare Group - Gardens at Camp Hill,PA,"Camp Hill, PA",Chain,Priority Healthcare Group
Priority Healthcare Group - Gardens at West Shore,PA,"Camp Hill, PA",Chain,Priority Healthcare Group
Genesis HealthCare - Gettysburg Center,PA,"Gettysburg, PA",Chain,Genesis HealthCare
Genesis HealthCare - King of Prussia Skilled Nursing and Rehabilitation,PA,"King of Prussia, PA",Chain,Genesis HealthCare
Priority Healthcare Group - Gardens for Memory Care at Easton,PA,"Easton, PA",Chain,Priority Healthcare Group
Genesis HealthCare - Uniontown,PA,"Uniontown, PA",Chain,Genesis HealthCare
Genesis HealthCare - Quakertown,PA,"Quakertown, PA",Chain,Genesis HealthCare
HCR ManorCare - Yeadon,PA,"Yeadon, PA",Chain,HCR ManorCare
Christ The King Manor,PA,"DuBois, PA",Independent,Independent nonprofit
Holy Family Manor,PA,"Bethlehem, PA",Independent,Independent nonprofit
Moravian Manor,PA,"Lititz, PA",Independent,Independent nonprofit
Neshaminy Manor,PA,"Warrington, PA",Independent,County-owned (Bucks County)
Pickering Manor,PA,"Newtown, PA",Independent,Independent nonprofit
